scenario,phi_b1_true,phi_b2_true,n_true,rs_true,phi_b1_fit,phi_b2_fit,n_fit,rs_fit,best_loss,near_opt_count,phi_b1_span_near_opt,phi_b2_span_near_opt,n_span_near_opt,rs_span_near_opt,swapped_loss_ratio,ambiguity_detected
"A: dPhi=0.20, Rs=10",0.8,1.0,1.12,10.0,0.799967534484654,0.9936876439710034,1.1528098677915752,168.16317645269035,0.00034875417818376305,1,0.0,0.0,0.0,0.0,1863.3086450432625,False
"B: dPhi=0.50, Rs=10",0.65,1.15,1.12,10.0,0.6501924000886007,1.179784860145786,1.0565860869090047,12.512169037195195,0.0002836053905000762,1,0.0,0.0,0.0,0.0,1687.1920331120764,False
"C: dPhi=0.20, Rs=120",0.8,1.0,1.12,120.0,0.7999460481078572,0.9768873866982932,1.2712317382748832,187.9167311643452,0.0004903546465036663,2,1.2955582521234632e-06,0.0015219158821688783,0.01563962507452832,110.3364465167357,1322.237990343986,True
"D: dPhi=0.50, Rs=220",0.65,1.15,1.12,220.0,0.6502110684452828,1.1366052931514317,1.170065225233627,114.54177621166882,0.00035839410566489957,1,0.0,0.0,0.0,0.0,1494.4692458415877,False
